created_at,model,source_script,source_task,input_tokens,output_tokens,cached_tokens,total_tokens,cost_usd,latency_ms,success,error_text
2026-04-20 20:19:52.574197+00,claude-haiku,normalize_listings.py,canonical_extract,3176,243,0,3419,0.004391,2616,t,""
2026-04-20 20:19:56.217123+00,claude-haiku,normalize_listings.py,canonical_extract,3017,237,0,3254,0.004202,2612,t,""
2026-04-20 20:19:59.84915+00,claude-haiku,normalize_listings.py,canonical_extract,3024,242,0,3266,0.004234,2594,t,""
2026-04-20 20:20:03.846554+00,claude-haiku,normalize_listings.py,canonical_extract,3154,240,0,3394,0.004354,2960,t,""
2026-04-20 20:20:07.158294+00,claude-haiku,normalize_listings.py,canonical_extract,2511,242,0,2753,0.003721,2275,t,""
2026-04-20 20:20:10.671054+00,claude-haiku,normalize_listings.py,canonical_extract,3175,236,0,3411,0.004355,2481,t,""
2026-04-20 20:20:14.309407+00,claude-haiku,normalize_listings.py,canonical_extract,3181,244,0,3425,0.004401,2602,t,""
2026-04-20 20:20:18.053529+00,claude-haiku,normalize_listings.py,canonical_extract,3162,242,0,3404,0.004372,2707,t,""
2026-04-20 20:20:21.449811+00,claude-haiku,normalize_listings.py,canonical_extract,3153,241,0,3394,0.004358,2368,t,""
2026-04-20 20:20:26.193607+00,claude-haiku,normalize_listings.py,canonical_extract,3165,240,0,3405,0.004365,3699,t,""
2026-04-20 20:20:29.706999+00,claude-haiku,normalize_listings.py,canonical_extract,3135,235,0,3370,0.004310,2485,t,""
2026-04-20 20:20:33.403823+00,claude-haiku,normalize_listings.py,canonical_extract,3146,238,0,3384,0.004336,2669,t,""
2026-04-20 20:20:36.887208+00,claude-haiku,normalize_listings.py,canonical_extract,3161,243,0,3404,0.004376,2451,t,""
2026-04-20 20:20:40.580968+00,claude-haiku,normalize_listings.py,canonical_extract,3158,241,0,3399,0.004363,2664,t,""
2026-04-20 20:20:43.960737+00,claude-haiku,normalize_listings.py,canonical_extract,3198,240,0,3438,0.004398,2351,t,""
2026-04-20 20:20:49.068575+00,claude-haiku,normalize_listings.py,canonical_extract,3155,248,0,3403,0.004395,4075,t,""
2026-04-20 20:20:52.484901+00,claude-haiku,normalize_listings.py,canonical_extract,3170,244,0,3414,0.004390,2377,t,""
2026-04-20 20:20:56.068314+00,claude-haiku,normalize_listings.py,canonical_extract,3162,245,0,3407,0.004387,2554,t,""
2026-04-20 20:20:59.711479+00,claude-haiku,normalize_listings.py,canonical_extract,3178,250,0,3428,0.004428,2614,t,""
2026-04-20 20:21:03.149358+00,claude-haiku,normalize_listings.py,canonical_extract,3172,242,0,3414,0.004382,2404,t,""
2026-04-20 20:21:06.827833+00,claude-haiku,normalize_listings.py,canonical_extract,3170,253,0,3423,0.004435,2651,t,""
2026-04-20 20:21:10.469376+00,claude-haiku,normalize_listings.py,canonical_extract,3173,253,0,3426,0.004438,2609,t,""
2026-04-20 20:21:14.194345+00,claude-haiku,normalize_listings.py,canonical_extract,3166,242,0,3408,0.004376,2685,t,""
2026-04-20 20:21:17.964245+00,claude-haiku,normalize_listings.py,canonical_extract,3156,246,0,3402,0.004386,2738,t,""
2026-04-20 20:21:21.678204+00,claude-haiku,normalize_listings.py,canonical_extract,3153,233,0,3386,0.004318,2664,t,""
2026-04-20 20:21:25.117753+00,claude-haiku,normalize_listings.py,canonical_extract,3174,239,0,3413,0.004369,2374,t,""
2026-04-20 20:21:28.460906+00,claude-haiku,normalize_listings.py,canonical_extract,3177,236,0,3413,0.004357,2293,t,""
2026-04-20 20:21:31.999284+00,claude-haiku,normalize_listings.py,canonical_extract,3147,233,0,3380,0.004312,2498,t,""
2026-04-20 20:21:35.68267+00,claude-haiku,normalize_listings.py,canonical_extract,3035,248,0,3283,0.004275,2629,t,""
2026-04-20 20:21:39.124594+00,claude-haiku,normalize_listings.py,canonical_extract,3143,245,0,3388,0.004368,2386,t,""
2026-04-20 20:21:42.807017+00,claude-haiku,normalize_listings.py,canonical_extract,3138,234,0,3372,0.004308,2646,t,""
2026-04-20 20:21:47.526507+00,claude-haiku,normalize_listings.py,canonical_extract,3174,248,0,3422,0.004414,3687,t,""
2026-04-20 20:21:51.043672+00,claude-haiku,normalize_listings.py,canonical_extract,3153,239,0,3392,0.004348,2487,t,""
2026-04-20 20:21:54.681104+00,claude-haiku,normalize_listings.py,canonical_extract,3146,251,0,3397,0.004401,2609,t,""
2026-04-20 20:21:58.308812+00,claude-haiku,normalize_listings.py,canonical_extract,3033,235,0,3268,0.004208,2592,t,""
2026-04-20 20:22:01.736882+00,claude-haiku,normalize_listings.py,canonical_extract,3187,244,0,3431,0.004407,2389,t,""
2026-04-20 20:22:05.47165+00,claude-haiku,normalize_listings.py,canonical_extract,3150,241,0,3391,0.004355,2695,t,""
2026-04-20 20:22:09.272632+00,claude-haiku,normalize_listings.py,canonical_extract,3201,242,0,3443,0.004411,2768,t,""
2026-04-20 20:22:13.064207+00,claude-haiku,normalize_listings.py,canonical_extract,3151,240,0,3391,0.004351,2762,t,""
2026-04-20 20:22:16.764229+00,claude-haiku,normalize_listings.py,canonical_extract,3119,237,0,3356,0.004304,2670,t,""
2026-04-20 20:22:20.320924+00,claude-haiku,normalize_listings.py,canonical_extract,3179,241,0,3420,0.004384,2527,t,""
2026-04-20 20:22:23.799265+00,claude-haiku,normalize_listings.py,canonical_extract,3164,244,0,3408,0.004384,2453,t,""
2026-04-20 20:22:27.352356+00,claude-haiku,normalize_listings.py,canonical_extract,2600,248,0,2848,0.003840,2524,t,""
2026-04-20 20:22:30.868607+00,claude-haiku,normalize_listings.py,canonical_extract,3160,238,0,3398,0.004350,2489,t,""
2026-04-20 20:22:34.311857+00,claude-haiku,normalize_listings.py,canonical_extract,2522,236,0,2758,0.003702,2410,t,""
2026-04-20 20:22:37.906092+00,claude-haiku,normalize_listings.py,canonical_extract,3060,237,0,3297,0.004245,2555,t,""
2026-04-20 20:22:41.317728+00,claude-haiku,normalize_listings.py,canonical_extract,3147,242,0,3389,0.004357,2377,t,""
2026-04-20 20:22:44.920845+00,claude-haiku,normalize_listings.py,canonical_extract,3129,233,0,3362,0.004294,2578,t,""
2026-04-20 20:22:48.67691+00,claude-haiku,normalize_listings.py,canonical_extract,3163,240,0,3403,0.004363,2726,t,""
2026-04-20 20:22:52.38766+00,claude-haiku,normalize_listings.py,canonical_extract,3176,247,0,3423,0.004411,2676,t,""
2026-04-20 20:22:56.071636+00,claude-haiku,normalize_listings.py,canonical_extract,3171,250,0,3421,0.004421,2657,t,""
2026-04-20 20:22:59.762969+00,claude-haiku,normalize_listings.py,canonical_extract,3198,248,0,3446,0.004438,2662,t,""
2026-04-20 20:23:03.364685+00,claude-haiku,normalize_listings.py,canonical_extract,2535,240,0,2775,0.003735,2574,t,""
2026-04-20 20:23:06.913678+00,claude-haiku,normalize_listings.py,canonical_extract,3163,236,0,3399,0.004343,2518,t,""
2026-04-20 20:23:10.672865+00,claude-haiku,normalize_listings.py,canonical_extract,3183,242,0,3425,0.004393,2731,t,""
2026-04-20 20:23:14.319649+00,claude-haiku,normalize_listings.py,canonical_extract,3175,250,0,3425,0.004425,2618,t,""
2026-04-20 20:23:18.05375+00,claude-haiku,normalize_listings.py,canonical_extract,3167,251,0,3418,0.004422,2704,t,""
2026-04-20 20:23:21.895746+00,claude-haiku,normalize_listings.py,canonical_extract,3173,246,0,3419,0.004403,2815,t,""
2026-04-20 20:23:25.474268+00,claude-haiku,normalize_listings.py,canonical_extract,3165,233,0,3398,0.004330,2549,t,""
2026-04-20 20:23:29.059842+00,claude-haiku,normalize_listings.py,canonical_extract,3157,244,0,3401,0.004377,2553,t,""
2026-04-20 20:23:32.679697+00,claude-haiku,normalize_listings.py,canonical_extract,3189,236,0,3425,0.004369,2591,t,""
2026-04-20 20:23:36.821716+00,claude-haiku,normalize_listings.py,canonical_extract,3188,249,0,3437,0.004433,3115,t,""
2026-04-20 20:23:40.716634+00,claude-haiku,normalize_listings.py,canonical_extract,3068,235,0,3303,0.004243,2865,t,""
2026-04-20 20:23:44.737081+00,claude-haiku,normalize_listings.py,canonical_extract,3082,235,0,3317,0.004257,2982,t,""
2026-04-20 20:23:48.489687+00,claude-haiku,normalize_listings.py,canonical_extract,3181,246,0,3427,0.004411,2722,t,""
2026-04-20 20:23:51.911662+00,claude-haiku,normalize_listings.py,canonical_extract,3059,248,0,3307,0.004299,2390,t,""
2026-04-20 20:23:55.344054+00,claude-haiku,normalize_listings.py,canonical_extract,3034,242,0,3276,0.004244,2395,t,""
2026-04-20 20:23:59.124785+00,claude-haiku,normalize_listings.py,canonical_extract,3099,235,0,3334,0.004274,2733,t,""
2026-04-20 20:24:02.854275+00,claude-haiku,normalize_listings.py,canonical_extract,3068,245,0,3313,0.004293,2696,t,""
2026-04-20 20:24:08.498545+00,claude-haiku,normalize_listings.py,canonical_extract,3193,240,0,3433,0.004393,4614,t,""
2026-04-20 20:24:12.066898+00,claude-haiku,normalize_listings.py,canonical_extract,3072,241,0,3313,0.004277,2539,t,""
2026-04-20 20:24:16.682845+00,claude-haiku,normalize_listings.py,canonical_extract,3202,244,0,3446,0.004422,3586,t,""
2026-04-20 20:24:20.479432+00,claude-haiku,normalize_listings.py,canonical_extract,3076,249,0,3325,0.004321,2768,t,""
2026-04-20 20:24:24.056295+00,claude-haiku,normalize_listings.py,canonical_extract,3077,237,0,3314,0.004262,2537,t,""
2026-04-20 20:24:27.796912+00,claude-haiku,normalize_listings.py,canonical_extract,3168,236,0,3404,0.004348,2696,t,""
2026-04-20 20:24:31.507515+00,claude-haiku,normalize_listings.py,canonical_extract,3184,251,0,3435,0.004439,2679,t,""
2026-04-20 20:24:35.048948+00,claude-haiku,normalize_listings.py,canonical_extract,3156,247,0,3403,0.004391,2513,t,""
2026-04-20 20:24:38.701673+00,claude-haiku,normalize_listings.py,canonical_extract,3160,245,0,3405,0.004385,2622,t,""
2026-04-20 20:24:42.473037+00,claude-haiku,normalize_listings.py,canonical_extract,3176,243,0,3419,0.004391,2727,t,""
2026-04-20 20:24:46.138844+00,claude-haiku,normalize_listings.py,canonical_extract,3180,245,0,3425,0.004405,2626,t,""
2026-04-20 20:24:49.776281+00,claude-haiku,normalize_listings.py,canonical_extract,3164,236,0,3400,0.004344,2607,t,""
2026-04-20 20:24:53.478705+00,claude-haiku,normalize_listings.py,canonical_extract,3166,240,0,3406,0.004366,2673,t,""
2026-04-20 20:24:57.135974+00,claude-haiku,normalize_listings.py,canonical_extract,3183,242,0,3425,0.004393,2627,t,""
2026-04-20 20:25:01.012455+00,claude-haiku,normalize_listings.py,canonical_extract,3177,254,0,3431,0.004447,2845,t,""
2026-04-20 20:25:04.62272+00,claude-haiku,normalize_listings.py,canonical_extract,3169,243,0,3412,0.004384,2569,t,""
2026-04-20 20:25:08.435487+00,claude-haiku,normalize_listings.py,canonical_extract,3173,243,0,3416,0.004388,2782,t,""
2026-04-20 20:25:12.271496+00,claude-haiku,normalize_listings.py,canonical_extract,3197,250,0,3447,0.004447,2809,t,""
2026-04-20 20:25:16.015196+00,claude-haiku,normalize_listings.py,canonical_extract,3070,248,0,3318,0.004310,2712,t,""
2026-04-20 20:25:20.447043+00,claude-haiku,normalize_listings.py,canonical_extract,3070,248,0,3318,0.004310,3403,t,""
2026-04-20 20:25:29.186812+00,claude-haiku,normalize_listings.py,canonical_extract,3153,237,0,3390,0.004338,7706,t,""
2026-04-20 20:25:32.955321+00,claude-haiku,normalize_listings.py,canonical_extract,3170,246,0,3416,0.004400,2743,t,""
2026-04-20 20:25:36.383138+00,claude-haiku,normalize_listings.py,canonical_extract,3056,231,0,3287,0.004211,2399,t,""
2026-04-20 20:25:40.360353+00,claude-haiku,normalize_listings.py,canonical_extract,3150,230,0,3380,0.004300,2949,t,""
2026-04-20 20:25:43.833118+00,claude-haiku,normalize_listings.py,canonical_extract,3161,244,0,3405,0.004381,2445,t,""
2026-04-20 20:25:47.439748+00,claude-haiku,normalize_listings.py,canonical_extract,3169,231,0,3400,0.004324,2574,t,""
2026-04-20 20:25:51.285283+00,claude-haiku,normalize_listings.py,canonical_extract,3082,245,0,3327,0.004307,2816,t,""
2026-04-20 20:25:55.03913+00,claude-haiku,normalize_listings.py,canonical_extract,3196,245,0,3441,0.004421,2718,t,""
2026-04-20 20:25:58.732718+00,claude-haiku,normalize_listings.py,canonical_extract,3183,248,0,3431,0.004423,2665,t,""
2026-04-20 20:26:02.694137+00,claude-haiku,normalize_listings.py,canonical_extract,3206,242,0,3448,0.004416,2928,t,""
2026-04-20 20:26:06.446877+00,claude-haiku,normalize_listings.py,canonical_extract,3168,250,0,3418,0.004418,2719,t,""
2026-04-20 20:26:10.59722+00,claude-haiku,normalize_listings.py,canonical_extract,3077,270,0,3347,0.004427,3120,t,""
2026-04-20 20:26:14.586128+00,claude-haiku,normalize_listings.py,canonical_extract,3207,243,0,3450,0.004422,2952,t,""
2026-04-20 20:26:18.513397+00,claude-haiku,normalize_listings.py,canonical_extract,3197,263,0,3460,0.004512,2886,t,""
2026-04-20 20:26:22.414734+00,claude-haiku,normalize_listings.py,canonical_extract,3214,249,0,3463,0.004459,2870,t,""
2026-04-20 20:26:26.143866+00,claude-haiku,normalize_listings.py,canonical_extract,3178,250,0,3428,0.004428,2702,t,""
2026-04-20 20:26:29.917615+00,claude-haiku,normalize_listings.py,canonical_extract,3188,242,0,3430,0.004398,2744,t,""
2026-04-20 20:26:33.731619+00,claude-haiku,normalize_listings.py,canonical_extract,3212,248,0,3460,0.004452,2783,t,""
2026-04-20 20:26:37.474123+00,claude-haiku,normalize_listings.py,canonical_extract,3181,243,0,3424,0.004396,2714,t,""
2026-04-20 20:26:41.089824+00,claude-haiku,normalize_listings.py,canonical_extract,3179,244,0,3423,0.004399,2586,t,""
2026-04-20 20:26:44.822723+00,claude-haiku,normalize_listings.py,canonical_extract,3158,233,0,3391,0.004323,2700,t,""
2026-04-20 20:26:48.53201+00,claude-haiku,normalize_listings.py,canonical_extract,3196,238,0,3434,0.004386,2682,t,""
2026-04-20 20:26:52.283137+00,claude-haiku,normalize_listings.py,canonical_extract,3196,247,0,3443,0.004431,2718,t,""
2026-04-20 20:26:55.854158+00,claude-haiku,normalize_listings.py,canonical_extract,3198,236,0,3434,0.004378,2532,t,""
2026-04-20 20:26:59.858466+00,claude-haiku,normalize_listings.py,canonical_extract,3215,256,0,3471,0.004495,2975,t,""
2026-04-20 20:27:03.590267+00,claude-haiku,normalize_listings.py,canonical_extract,3200,245,0,3445,0.004425,2697,t,""
2026-04-20 20:27:07.323616+00,claude-haiku,normalize_listings.py,canonical_extract,3161,244,0,3405,0.004381,2706,t,""
2026-04-20 20:27:10.955927+00,claude-haiku,normalize_listings.py,canonical_extract,3164,231,0,3395,0.004319,2605,t,""
2026-04-20 20:27:14.310844+00,claude-haiku,normalize_listings.py,canonical_extract,3149,232,0,3381,0.004309,2324,t,""
2026-04-20 20:27:17.851351+00,claude-haiku,normalize_listings.py,canonical_extract,3174,254,0,3428,0.004444,2510,t,""
2026-04-20 20:27:21.381025+00,claude-haiku,normalize_listings.py,canonical_extract,3142,247,0,3389,0.004377,2502,t,""
2026-04-20 20:27:24.711289+00,claude-haiku,normalize_listings.py,canonical_extract,2533,244,0,2777,0.003753,2297,t,""
2026-04-20 20:27:28.285903+00,claude-haiku,normalize_listings.py,canonical_extract,3128,232,0,3360,0.004288,2544,t,""
2026-04-20 20:27:31.906974+00,claude-haiku,normalize_listings.py,canonical_extract,3133,249,0,3382,0.004378,2591,t,""
2026-04-20 20:27:35.560229+00,claude-haiku,normalize_listings.py,canonical_extract,3174,245,0,3419,0.004399,2620,t,""
2026-04-20 20:27:38.844235+00,claude-haiku,normalize_listings.py,canonical_extract,2371,237,0,2608,0.003556,2255,t,""
2026-04-20 20:27:42.729554+00,claude-haiku,normalize_listings.py,canonical_extract,3143,237,0,3380,0.004328,2856,t,""
2026-04-20 20:27:46.388556+00,claude-haiku,normalize_listings.py,canonical_extract,3111,248,0,3359,0.004351,2628,t,""
2026-04-20 20:27:51.040868+00,claude-haiku,normalize_listings.py,canonical_extract,3142,233,0,3375,0.004307,3618,t,""
2026-04-20 20:27:54.809323+00,claude-haiku,normalize_listings.py,canonical_extract,3186,244,0,3430,0.004406,2728,t,""
2026-04-20 20:27:58.281346+00,claude-haiku,normalize_listings.py,canonical_extract,2463,235,0,2698,0.003638,2436,t,""
2026-04-20 20:28:01.803541+00,claude-haiku,normalize_listings.py,canonical_extract,3183,248,0,3431,0.004423,2479,t,""
2026-04-20 20:28:05.294408+00,claude-haiku,normalize_listings.py,canonical_extract,3178,243,0,3421,0.004393,2436,t,""
2026-04-20 20:28:08.542037+00,claude-haiku,normalize_listings.py,canonical_extract,2517,234,0,2751,0.003687,2209,t,""
2026-04-20 20:28:11.994851+00,claude-haiku,normalize_listings.py,canonical_extract,3171,237,0,3408,0.004356,2417,t,""
2026-04-20 20:28:15.965411+00,claude-haiku,normalize_listings.py,canonical_extract,3130,239,0,3369,0.004325,2927,t,""
2026-04-20 20:28:19.743246+00,claude-haiku,normalize_listings.py,canonical_extract,3154,250,0,3404,0.004404,2741,t,""
2026-04-20 20:28:23.485911+00,claude-haiku,normalize_listings.py,canonical_extract,3174,246,0,3420,0.004404,2714,t,""
2026-04-20 20:28:27.798163+00,claude-haiku,normalize_listings.py,canonical_extract,3141,243,0,3384,0.004356,3278,t,""
2026-04-20 20:28:32.189099+00,claude-haiku,normalize_listings.py,canonical_extract,3143,232,0,3375,0.004303,3364,t,""
2026-04-20 20:28:36.177281+00,claude-haiku,normalize_listings.py,canonical_extract,3152,232,0,3384,0.004312,2963,t,""
2026-04-20 20:28:40.14928+00,claude-haiku,normalize_listings.py,canonical_extract,3157,242,0,3399,0.004367,2942,t,""
2026-04-20 20:28:43.668855+00,claude-haiku,normalize_listings.py,canonical_extract,3171,244,0,3415,0.004391,2486,t,""
2026-04-20 20:28:47.498919+00,claude-haiku,normalize_listings.py,canonical_extract,3179,249,0,3428,0.004424,2790,t,""
2026-04-20 20:28:50.92593+00,claude-haiku,normalize_listings.py,canonical_extract,2489,236,0,2725,0.003669,2393,t,""
2026-04-20 20:28:54.45641+00,claude-haiku,normalize_listings.py,canonical_extract,3184,243,0,3427,0.004399,2501,t,""
2026-04-20 20:28:57.951273+00,claude-haiku,normalize_listings.py,canonical_extract,3145,228,0,3373,0.004285,2464,t,""
2026-04-20 20:29:02.021084+00,claude-haiku,normalize_listings.py,canonical_extract,3171,244,0,3415,0.004391,3039,t,""
2026-04-20 20:29:05.253187+00,claude-haiku,normalize_listings.py,canonical_extract,2462,235,0,2697,0.003637,2202,t,""
2026-04-20 20:29:08.79849+00,claude-haiku,normalize_listings.py,canonical_extract,3188,231,0,3419,0.004343,2518,t,""
2026-04-20 20:29:12.687643+00,claude-haiku,normalize_listings.py,canonical_extract,3111,238,0,3349,0.004301,2860,t,""
2026-04-20 20:29:16.249394+00,claude-haiku,normalize_listings.py,canonical_extract,3173,253,0,3426,0.004438,2529,t,""
2026-04-20 20:29:20.881292+00,claude-haiku,normalize_listings.py,canonical_extract,3136,243,0,3379,0.004351,3605,t,""
2026-04-20 23:55:51.612889+00,claude-haiku,normalize_listings.py,canonical_extract,3076,290,0,3366,0.004526,3469,t,""
2026-04-20 23:55:55.530276+00,claude-haiku,normalize_listings.py,canonical_extract,3178,247,0,3425,0.004413,2876,t,""
2026-04-20 23:55:59.200718+00,claude-haiku,normalize_listings.py,canonical_extract,3176,239,0,3415,0.004371,2644,t,""
2026-04-20 23:56:02.917396+00,claude-haiku,normalize_listings.py,canonical_extract,3181,244,0,3425,0.004401,2687,t,""
2026-04-20 23:56:06.537797+00,claude-haiku,normalize_listings.py,canonical_extract,3170,255,0,3425,0.004445,2590,t,""
2026-04-20 23:56:09.902257+00,claude-haiku,normalize_listings.py,canonical_extract,3133,237,0,3370,0.004318,2335,t,""
2026-04-20 23:56:13.922385+00,claude-haiku,normalize_listings.py,canonical_extract,2523,234,0,2757,0.003693,2991,t,""
2026-04-20 23:56:17.40517+00,claude-haiku,normalize_listings.py,canonical_extract,3185,239,0,3424,0.004380,2454,t,""
2026-04-20 23:56:20.862334+00,claude-haiku,normalize_listings.py,canonical_extract,3167,245,0,3412,0.004392,2430,t,""
2026-04-20 23:56:24.872604+00,claude-haiku,normalize_listings.py,canonical_extract,3181,245,0,3426,0.004406,2980,t,""
2026-04-20 23:56:28.553276+00,claude-haiku,normalize_listings.py,canonical_extract,3166,247,0,3413,0.004401,2651,t,""
2026-04-20 23:56:32.125237+00,claude-haiku,normalize_listings.py,canonical_extract,3183,247,0,3430,0.004418,2538,t,""
2026-04-20 23:56:35.588518+00,claude-haiku,normalize_listings.py,canonical_extract,3169,232,0,3401,0.004329,2434,t,""
2026-04-20 23:56:39.226489+00,claude-haiku,normalize_listings.py,canonical_extract,3161,245,0,3406,0.004386,2610,t,""
2026-04-20 23:56:42.888895+00,claude-haiku,normalize_listings.py,canonical_extract,3177,241,0,3418,0.004382,2636,t,""
2026-04-20 23:56:46.384971+00,claude-haiku,normalize_listings.py,canonical_extract,3174,241,0,3415,0.004379,2460,t,""
2026-04-20 23:56:50.040538+00,claude-haiku,normalize_listings.py,canonical_extract,3163,239,0,3402,0.004358,2627,t,""
2026-04-20 23:56:53.562672+00,claude-haiku,normalize_listings.py,canonical_extract,3169,239,0,3408,0.004364,2496,t,""
2026-04-20 23:56:57.471705+00,claude-haiku,normalize_listings.py,canonical_extract,3056,247,0,3303,0.004291,2871,t,""
2026-04-20 23:57:01.490867+00,claude-haiku,normalize_listings.py,canonical_extract,3178,245,0,3423,0.004403,2975,t,""
2026-04-20 23:57:05.028198+00,claude-haiku,normalize_listings.py,canonical_extract,3180,243,0,3423,0.004395,2504,t,""
2026-04-20 23:57:09.126623+00,claude-haiku,normalize_listings.py,canonical_extract,3148,243,0,3391,0.004363,3071,t,""
2026-04-20 23:57:12.673309+00,claude-haiku,normalize_listings.py,canonical_extract,3178,245,0,3423,0.004403,2517,t,""
2026-04-20 23:57:16.304842+00,claude-haiku,normalize_listings.py,canonical_extract,3183,242,0,3425,0.004393,2600,t,""
2026-04-20 23:57:20.157401+00,claude-haiku,normalize_listings.py,canonical_extract,3192,245,0,3437,0.004417,2829,t,""
2026-04-20 23:57:24.882977+00,claude-haiku,normalize_listings.py,canonical_extract,3182,243,0,3425,0.004397,3699,t,""
2026-04-20 23:57:28.454551+00,claude-haiku,normalize_listings.py,canonical_extract,3176,243,0,3419,0.004391,2542,t,""
2026-04-20 23:57:32.050645+00,claude-haiku,normalize_listings.py,canonical_extract,3178,252,0,3430,0.004438,2570,t,""
2026-04-20 23:57:35.772552+00,claude-haiku,normalize_listings.py,canonical_extract,3173,245,0,3418,0.004398,2690,t,""
2026-04-20 23:57:39.370752+00,claude-haiku,normalize_listings.py,canonical_extract,3180,248,0,3428,0.004420,2566,t,""
2026-04-20 23:57:43.016513+00,claude-haiku,normalize_listings.py,canonical_extract,3175,238,0,3413,0.004365,2616,t,""
2026-04-20 23:57:46.728352+00,claude-haiku,normalize_listings.py,canonical_extract,3186,254,0,3440,0.004456,2672,t,""
2026-04-20 23:57:50.333537+00,claude-haiku,normalize_listings.py,canonical_extract,3185,244,0,3429,0.004405,2561,t,""
2026-04-20 23:57:54.581402+00,claude-haiku,normalize_listings.py,canonical_extract,3187,243,0,3430,0.004402,3215,t,""
2026-04-20 23:57:58.156642+00,claude-haiku,normalize_listings.py,canonical_extract,3176,243,0,3419,0.004391,2542,t,""
2026-04-20 23:58:02.029936+00,claude-haiku,normalize_listings.py,canonical_extract,3181,252,0,3433,0.004441,2843,t,""
2026-04-20 23:58:05.609455+00,claude-haiku,normalize_listings.py,canonical_extract,3190,250,0,3440,0.004440,2548,t,""
2026-04-20 23:58:09.702864+00,claude-haiku,normalize_listings.py,canonical_extract,3185,241,0,3426,0.004390,3065,t,""
2026-04-20 23:58:13.304947+00,claude-haiku,normalize_listings.py,canonical_extract,3194,246,0,3440,0.004424,2570,t,""
2026-04-20 23:58:16.895744+00,claude-haiku,normalize_listings.py,canonical_extract,3176,247,0,3423,0.004411,2561,t,""
2026-04-20 23:58:21.69374+00,claude-haiku,normalize_listings.py,canonical_extract,3181,248,0,3429,0.004421,3769,t,""
2026-04-20 23:58:25.419201+00,claude-haiku,normalize_listings.py,canonical_extract,3193,243,0,3436,0.004408,2697,t,""
2026-04-20 23:58:29.16674+00,claude-haiku,normalize_listings.py,canonical_extract,3189,251,0,3440,0.004444,2720,t,""
2026-04-20 23:58:32.669939+00,claude-haiku,normalize_listings.py,canonical_extract,3178,238,0,3416,0.004368,2476,t,""
2026-04-20 23:58:36.3885+00,claude-haiku,normalize_listings.py,canonical_extract,3173,244,0,3417,0.004393,2690,t,""
2026-04-20 23:58:39.994983+00,claude-haiku,normalize_listings.py,canonical_extract,3189,249,0,3438,0.004434,2578,t,""
2026-04-20 23:58:43.850024+00,claude-haiku,normalize_listings.py,canonical_extract,3179,244,0,3423,0.004399,2791,t,""
2026-04-20 23:58:47.463974+00,claude-haiku,normalize_listings.py,canonical_extract,3183,245,0,3428,0.004408,2569,t,""
2026-04-20 23:58:51.26177+00,claude-haiku,normalize_listings.py,canonical_extract,3190,244,0,3434,0.004410,2765,t,""
2026-04-20 23:58:54.847627+00,claude-haiku,normalize_listings.py,canonical_extract,3183,249,0,3432,0.004428,2560,t,""
2026-04-20 23:58:58.331956+00,claude-haiku,normalize_listings.py,canonical_extract,3180,242,0,3422,0.004390,2456,t,""
2026-04-20 23:59:02.250606+00,claude-haiku,normalize_listings.py,canonical_extract,3197,241,0,3438,0.004402,2889,t,""
2026-04-20 23:59:05.823512+00,claude-haiku,normalize_listings.py,canonical_extract,3183,242,0,3425,0.004393,2542,t,""
2026-04-20 23:59:09.318307+00,claude-haiku,normalize_listings.py,canonical_extract,3199,246,0,3445,0.004429,2463,t,""
2026-04-20 23:59:12.902285+00,claude-haiku,normalize_listings.py,canonical_extract,3185,236,0,3421,0.004365,2551,t,""
2026-04-20 23:59:16.474514+00,claude-haiku,normalize_listings.py,canonical_extract,3161,240,0,3401,0.004361,2544,t,""
2026-04-20 23:59:20.384067+00,claude-haiku,normalize_listings.py,canonical_extract,3185,252,0,3437,0.004445,2881,t,""
2026-04-20 23:59:24.119371+00,claude-haiku,normalize_listings.py,canonical_extract,3221,248,0,3469,0.004461,2710,t,""
2026-04-20 23:59:27.796942+00,claude-haiku,normalize_listings.py,canonical_extract,3172,247,0,3419,0.004407,2646,t,""
2026-04-20 23:59:31.568307+00,claude-haiku,normalize_listings.py,canonical_extract,3205,242,0,3447,0.004415,2741,t,""
2026-04-20 23:59:35.291226+00,claude-haiku,normalize_listings.py,canonical_extract,3159,238,0,3397,0.004349,2696,t,""
2026-04-20 23:59:39.307242+00,claude-haiku,normalize_listings.py,canonical_extract,3189,246,0,3435,0.004419,2991,t,""
2026-04-20 23:59:42.913766+00,claude-haiku,normalize_listings.py,canonical_extract,3160,241,0,3401,0.004365,2571,t,""
2026-04-20 23:59:46.48259+00,claude-haiku,normalize_listings.py,canonical_extract,3204,244,0,3448,0.004424,2533,t,""
2026-04-20 23:59:50.114526+00,claude-haiku,normalize_listings.py,canonical_extract,3202,256,0,3458,0.004482,2602,t,""
2026-04-20 23:59:53.901153+00,claude-haiku,normalize_listings.py,canonical_extract,3174,237,0,3411,0.004359,2755,t,""
2026-04-20 23:59:57.713877+00,claude-haiku,normalize_listings.py,canonical_extract,3205,259,0,3464,0.004500,2770,t,""
2026-04-21 00:00:01.483726+00,claude-haiku,normalize_listings.py,canonical_extract,3193,253,0,3446,0.004458,2735,t,""
2026-04-21 00:00:05.279631+00,claude-haiku,normalize_listings.py,canonical_extract,3203,258,0,3461,0.004493,2764,t,""
2026-04-21 00:00:09.00215+00,claude-haiku,normalize_listings.py,canonical_extract,3171,248,0,3419,0.004411,2694,t,""
2026-04-21 00:00:12.991847+00,claude-haiku,normalize_listings.py,canonical_extract,3195,244,0,3439,0.004415,2959,t,""
2026-04-21 00:00:16.681731+00,claude-haiku,normalize_listings.py,canonical_extract,3218,257,0,3475,0.004503,2654,t,""
2026-04-21 00:00:20.557873+00,claude-haiku,normalize_listings.py,canonical_extract,3185,246,0,3431,0.004415,2846,t,""
2026-04-21 00:00:24.25037+00,claude-haiku,normalize_listings.py,canonical_extract,3174,233,0,3407,0.004339,2661,t,""
2026-04-21 00:00:28.064306+00,claude-haiku,normalize_listings.py,canonical_extract,3195,250,0,3445,0.004445,2786,t,""
2026-04-21 00:00:31.876592+00,claude-haiku,normalize_listings.py,canonical_extract,3193,253,0,3446,0.004458,2785,t,""
2026-04-21 00:00:35.378506+00,claude-haiku,normalize_listings.py,canonical_extract,3201,243,0,3444,0.004416,2476,t,""
2026-04-21 00:00:39.219731+00,claude-haiku,normalize_listings.py,canonical_extract,3202,239,0,3441,0.004397,2815,t,""
2026-04-21 00:00:42.913344+00,claude-haiku,normalize_listings.py,canonical_extract,3199,239,0,3438,0.004394,2665,t,""
2026-04-21 00:00:46.443747+00,claude-haiku,normalize_listings.py,canonical_extract,3194,248,0,3442,0.004434,2503,t,""
2026-04-21 00:00:50.27734+00,claude-haiku,normalize_listings.py,canonical_extract,3195,241,0,3436,0.004400,2802,t,""
2026-04-21 00:00:53.9823+00,claude-haiku,normalize_listings.py,canonical_extract,3151,246,0,3397,0.004381,2675,t,""
2026-04-21 00:00:57.55807+00,claude-haiku,normalize_listings.py,canonical_extract,3147,243,0,3390,0.004362,2546,t,""
2026-04-21 00:01:01.288912+00,claude-haiku,normalize_listings.py,canonical_extract,2900,286,0,3186,0.004330,2683,t,""
2026-04-21 00:01:05.673594+00,claude-haiku,normalize_listings.py,canonical_extract,3158,241,0,3399,0.004363,3336,t,""
2026-04-21 00:01:09.130995+00,claude-haiku,normalize_listings.py,canonical_extract,3173,239,0,3412,0.004368,2429,t,""
2026-04-21 00:01:12.707957+00,claude-haiku,normalize_listings.py,canonical_extract,3178,234,0,3412,0.004348,2537,t,""
2026-04-21 00:01:16.217123+00,claude-haiku,normalize_listings.py,canonical_extract,3172,237,0,3409,0.004357,2482,t,""
2026-04-21 00:01:19.676928+00,claude-haiku,normalize_listings.py,canonical_extract,3173,242,0,3415,0.004383,2431,t,""
2026-04-21 00:01:23.33398+00,claude-haiku,normalize_listings.py,canonical_extract,3115,251,0,3366,0.004370,2620,t,""
2026-04-21 00:01:27.206018+00,claude-haiku,normalize_listings.py,canonical_extract,3154,241,0,3395,0.004359,2837,t,""
2026-04-21 00:01:30.868036+00,claude-haiku,normalize_listings.py,canonical_extract,3168,251,0,3419,0.004423,2627,t,""
2026-04-21 00:01:34.279091+00,claude-haiku,normalize_listings.py,canonical_extract,3105,245,0,3350,0.004330,2381,t,""
2026-04-21 00:01:38.524451+00,claude-haiku,normalize_listings.py,canonical_extract,3149,234,0,3383,0.004319,3214,t,""
2026-04-21 00:01:42.177159+00,claude-haiku,normalize_listings.py,canonical_extract,3170,246,0,3416,0.004400,2622,t,""
2026-04-21 00:01:45.827373+00,claude-haiku,normalize_listings.py,canonical_extract,3172,248,0,3420,0.004412,2621,t,""
2026-04-21 00:01:49.614279+00,claude-haiku,normalize_listings.py,canonical_extract,3030,236,0,3266,0.004210,2760,t,""
2026-04-21 00:01:53.280451+00,claude-haiku,normalize_listings.py,canonical_extract,3166,259,0,3425,0.004461,2632,t,""
2026-04-21 00:01:58.469517+00,claude-haiku,normalize_listings.py,canonical_extract,3138,243,0,3381,0.004353,4164,t,""
2026-04-21 00:02:02.039758+00,claude-haiku,normalize_listings.py,canonical_extract,3077,254,0,3331,0.004347,2543,t,""
2026-04-21 00:02:05.750728+00,claude-haiku,normalize_listings.py,canonical_extract,3178,247,0,3425,0.004413,2682,t,""
2026-04-21 00:02:09.468785+00,claude-haiku,normalize_listings.py,canonical_extract,3183,249,0,3432,0.004428,2692,t,""
2026-04-21 00:02:13.009801+00,claude-haiku,normalize_listings.py,canonical_extract,3171,237,0,3408,0.004356,2512,t,""
2026-04-21 00:02:16.731742+00,claude-haiku,normalize_listings.py,canonical_extract,3197,243,0,3440,0.004412,2689,t,""
2026-04-21 00:02:20.257911+00,claude-haiku,normalize_listings.py,canonical_extract,3186,245,0,3431,0.004411,2494,t,""
2026-04-21 00:02:23.880711+00,claude-haiku,normalize_listings.py,canonical_extract,3177,246,0,3423,0.004407,2586,t,""
2026-04-21 00:02:27.597494+00,claude-haiku,normalize_listings.py,canonical_extract,3083,247,0,3330,0.004318,2687,t,""
2026-04-21 00:02:31.115095+00,claude-haiku,normalize_listings.py,canonical_extract,3209,248,0,3457,0.004449,2488,t,""
2026-04-21 00:02:34.755711+00,claude-haiku,normalize_listings.py,canonical_extract,3078,246,0,3324,0.004308,2609,t,""
2026-04-21 00:02:38.641948+00,claude-haiku,normalize_listings.py,canonical_extract,3175,245,0,3420,0.004400,2855,t,""
2026-04-21 00:02:42.66615+00,claude-haiku,normalize_listings.py,canonical_extract,3202,243,0,3445,0.004417,2992,t,""
2026-04-21 00:02:46.268287+00,claude-haiku,normalize_listings.py,canonical_extract,3183,250,0,3433,0.004433,2575,t,""
2026-04-21 00:02:49.645246+00,claude-haiku,normalize_listings.py,canonical_extract,3170,242,0,3412,0.004380,2349,t,""
2026-04-21 00:02:53.338763+00,claude-haiku,normalize_listings.py,canonical_extract,3190,252,0,3442,0.004450,2664,t,""
2026-04-21 00:02:57.05142+00,claude-haiku,normalize_listings.py,canonical_extract,3203,248,0,3451,0.004443,2683,t,""
2026-04-21 00:03:00.669534+00,claude-haiku,normalize_listings.py,canonical_extract,3065,247,0,3312,0.004300,2588,t,""
2026-04-21 00:03:04.31694+00,claude-haiku,normalize_listings.py,canonical_extract,3218,250,0,3468,0.004468,2622,t,""
2026-04-21 00:03:07.797177+00,claude-haiku,normalize_listings.py,canonical_extract,3197,248,0,3445,0.004437,2448,t,""
2026-04-21 00:03:11.634392+00,claude-haiku,normalize_listings.py,canonical_extract,3187,247,0,3434,0.004422,2812,t,""
2026-04-21 00:03:15.235989+00,claude-haiku,normalize_listings.py,canonical_extract,3173,232,0,3405,0.004333,2564,t,""
2026-04-21 00:03:18.919534+00,claude-haiku,normalize_listings.py,canonical_extract,3216,251,0,3467,0.004471,2646,t,""
2026-04-21 00:03:22.1122+00,claude-haiku,normalize_listings.py,canonical_extract,2482,250,0,2732,0.003732,2157,t,""
2026-04-21 00:03:25.658648+00,claude-haiku,normalize_listings.py,canonical_extract,3194,247,0,3441,0.004429,2516,t,""
2026-04-21 00:03:30.064209+00,claude-haiku,normalize_listings.py,canonical_extract,3198,250,0,3448,0.004448,3375,t,""
2026-04-21 00:03:33.467704+00,claude-haiku,normalize_listings.py,canonical_extract,3185,239,0,3424,0.004380,2374,t,""
2026-04-21 00:03:36.745023+00,claude-haiku,normalize_listings.py,canonical_extract,2484,250,0,2734,0.003734,2249,t,""
2026-04-21 00:03:40.310137+00,claude-haiku,normalize_listings.py,canonical_extract,3194,244,0,3438,0.004414,2538,t,""
2026-04-21 00:03:44.705368+00,claude-haiku,normalize_listings.py,canonical_extract,3184,244,0,3428,0.004404,3369,t,""
2026-04-21 00:03:48.311679+00,claude-haiku,normalize_listings.py,canonical_extract,3185,238,0,3423,0.004375,2571,t,""
2026-04-21 00:03:51.776326+00,claude-haiku,normalize_listings.py,canonical_extract,3181,242,0,3423,0.004391,2436,t,""
2026-04-21 00:03:55.418626+00,claude-haiku,normalize_listings.py,canonical_extract,3200,251,0,3451,0.004455,2612,t,""
2026-04-21 00:03:58.855082+00,claude-haiku,normalize_listings.py,canonical_extract,3194,250,0,3444,0.004444,2409,t,""
2026-04-21 00:04:02.313509+00,claude-haiku,normalize_listings.py,canonical_extract,3191,247,0,3438,0.004426,2427,t,""
2026-04-21 00:04:05.809719+00,claude-haiku,normalize_listings.py,canonical_extract,3195,243,0,3438,0.004410,2463,t,""
2026-04-21 00:04:11.43346+00,claude-haiku,normalize_listings.py,canonical_extract,3187,244,0,3431,0.004407,4592,t,""
2026-04-21 00:04:15.254288+00,claude-haiku,normalize_listings.py,canonical_extract,3198,242,0,3440,0.004408,2781,t,""
2026-04-21 00:04:18.988236+00,claude-haiku,normalize_listings.py,canonical_extract,3194,240,0,3434,0.004394,2695,t,""
2026-04-21 00:04:23.698514+00,claude-haiku,normalize_listings.py,canonical_extract,3193,247,0,3440,0.004428,3672,t,""
2026-04-21 00:04:27.495768+00,claude-haiku,normalize_listings.py,canonical_extract,3199,251,0,3450,0.004454,2767,t,""
2026-04-21 00:04:31.925617+00,claude-haiku,normalize_listings.py,canonical_extract,3191,246,0,3437,0.004421,3399,t,""
2026-04-21 00:04:35.547271+00,claude-haiku,normalize_listings.py,canonical_extract,3187,249,0,3436,0.004432,2595,t,""
2026-04-21 00:04:39.478372+00,claude-haiku,normalize_listings.py,canonical_extract,3185,237,0,3422,0.004370,2902,t,""
2026-04-21 00:04:43.033063+00,claude-haiku,normalize_listings.py,canonical_extract,3168,234,0,3402,0.004338,2524,t,""
2026-04-21 00:04:46.461739+00,claude-haiku,normalize_listings.py,canonical_extract,3175,253,0,3428,0.004440,2400,t,""
2026-04-21 00:04:49.801792+00,claude-haiku,normalize_listings.py,canonical_extract,3170,238,0,3408,0.004360,2311,t,""
2026-04-21 00:04:53.375615+00,claude-haiku,normalize_listings.py,canonical_extract,3178,245,0,3423,0.004403,2543,t,""
2026-04-21 00:04:56.870856+00,claude-haiku,normalize_listings.py,canonical_extract,3194,253,0,3447,0.004459,2467,t,""
2026-04-21 00:05:01.041703+00,claude-haiku,normalize_listings.py,canonical_extract,3203,246,0,3449,0.004433,3144,t,""
2026-04-21 00:05:04.533661+00,claude-haiku,normalize_listings.py,canonical_extract,3206,240,0,3446,0.004406,2458,t,""
2026-04-21 00:05:08.019502+00,claude-haiku,normalize_listings.py,canonical_extract,3137,236,0,3373,0.004317,2459,t,""
2026-04-21 00:05:12.314878+00,claude-haiku,normalize_listings.py,canonical_extract,3172,235,0,3407,0.004347,3264,t,""
2026-04-21 00:05:15.727002+00,claude-haiku,normalize_listings.py,canonical_extract,3143,237,0,3380,0.004328,2382,t,""
2026-04-21 00:05:19.189511+00,claude-haiku,normalize_listings.py,canonical_extract,3150,244,0,3394,0.004370,2427,t,""
2026-04-21 00:05:22.886707+00,claude-haiku,normalize_listings.py,canonical_extract,3157,244,0,3401,0.004377,2660,t,""
2026-04-21 00:05:26.511815+00,claude-haiku,normalize_listings.py,canonical_extract,3169,233,0,3402,0.004334,2589,t,""
2026-04-21 00:05:29.930249+00,claude-haiku,normalize_listings.py,canonical_extract,3162,236,0,3398,0.004342,2378,t,""
2026-04-21 00:05:34.309757+00,claude-haiku,normalize_listings.py,canonical_extract,3154,245,0,3399,0.004379,3353,t,""
2026-04-21 00:05:38.178627+00,claude-haiku,normalize_listings.py,canonical_extract,3203,246,0,3449,0.004433,2841,t,""
2026-04-21 00:05:41.913732+00,claude-haiku,normalize_listings.py,canonical_extract,3192,245,0,3437,0.004417,2707,t,""
2026-04-21 00:05:45.53923+00,claude-haiku,normalize_listings.py,canonical_extract,3196,242,0,3438,0.004406,2598,t,""
2026-04-21 00:05:52.209006+00,claude-haiku,normalize_listings.py,canonical_extract,3155,234,0,3389,0.004325,5642,t,""
2026-04-21 00:05:55.657923+00,claude-haiku,normalize_listings.py,canonical_extract,3158,248,0,3406,0.004398,2422,t,""
2026-04-21 00:05:59.857943+00,claude-haiku,normalize_listings.py,canonical_extract,3065,236,0,3301,0.004245,3174,t,""
2026-04-21 00:06:03.34538+00,claude-haiku,normalize_listings.py,canonical_extract,3014,235,0,3249,0.004189,2462,t,""
2026-04-21 00:06:07.063704+00,claude-haiku,normalize_listings.py,canonical_extract,3188,249,0,3437,0.004433,2691,t,""
2026-04-21 00:06:10.692816+00,claude-haiku,normalize_listings.py,canonical_extract,3148,237,0,3385,0.004333,2600,t,""
2026-04-21 00:06:14.162041+00,claude-haiku,normalize_listings.py,canonical_extract,3164,244,0,3408,0.004384,2443,t,""
2026-04-21 00:06:17.67675+00,claude-haiku,normalize_listings.py,canonical_extract,3195,245,0,3440,0.004420,2487,t,""
2026-04-21 00:06:21.832684+00,claude-haiku,normalize_listings.py,canonical_extract,3215,244,0,3459,0.004435,3132,t,""
2026-04-21 00:06:25.655064+00,claude-haiku,normalize_listings.py,canonical_extract,3177,250,0,3427,0.004427,2790,t,""
2026-04-21 00:06:29.291591+00,claude-haiku,normalize_listings.py,canonical_extract,3167,238,0,3405,0.004357,2596,t,""
2026-04-21 00:06:33.104016+00,claude-haiku,normalize_listings.py,canonical_extract,3176,246,0,3422,0.004406,2783,t,""
2026-04-21 00:06:36.690664+00,claude-haiku,normalize_listings.py,canonical_extract,3176,236,0,3412,0.004356,2552,t,""
2026-04-21 00:06:40.283035+00,claude-haiku,normalize_listings.py,canonical_extract,3072,235,0,3307,0.004247,2561,t,""
2026-04-21 00:06:44.033942+00,claude-haiku,normalize_listings.py,canonical_extract,3172,234,0,3406,0.004342,2718,t,""
2026-04-21 00:06:47.662307+00,claude-haiku,normalize_listings.py,canonical_extract,3193,254,0,3447,0.004463,2599,t,""
2026-04-21 00:06:51.232951+00,claude-haiku,normalize_listings.py,canonical_extract,3179,249,0,3428,0.004424,2531,t,""
2026-04-21 00:06:54.871784+00,claude-haiku,normalize_listings.py,canonical_extract,3193,245,0,3438,0.004418,2548,t,""
2026-04-21 00:06:58.374781+00,claude-haiku,normalize_listings.py,canonical_extract,3193,248,0,3441,0.004433,2471,t,""
2026-04-21 00:07:01.929032+00,claude-haiku,normalize_listings.py,canonical_extract,3204,247,0,3451,0.004439,2520,t,""
2026-04-21 00:07:05.497101+00,claude-haiku,normalize_listings.py,canonical_extract,3191,253,0,3444,0.004456,2534,t,""
2026-04-21 00:07:08.878796+00,claude-haiku,normalize_listings.py,canonical_extract,3071,237,0,3308,0.004256,2351,t,""
2026-04-21 00:07:12.285934+00,claude-haiku,normalize_listings.py,canonical_extract,3046,236,0,3282,0.004226,2374,t,""
2026-04-21 00:07:15.775554+00,claude-haiku,normalize_listings.py,canonical_extract,3175,245,0,3420,0.004400,2458,t,""
2026-04-21 00:07:19.173089+00,claude-haiku,normalize_listings.py,canonical_extract,3165,233,0,3398,0.004330,2356,t,""
2026-04-21 00:07:22.882846+00,claude-haiku,normalize_listings.py,canonical_extract,3170,248,0,3418,0.004410,2675,t,""
2026-04-21 00:07:27.131407+00,claude-haiku,normalize_listings.py,canonical_extract,3180,246,0,3426,0.004410,3221,t,""
2026-04-21 00:07:30.67103+00,claude-haiku,normalize_listings.py,canonical_extract,3180,247,0,3427,0.004415,2502,t,""
2026-04-21 00:07:33.996138+00,claude-haiku,normalize_listings.py,canonical_extract,3179,235,0,3414,0.004354,2299,t,""
2026-04-21 02:20:20.043921+00,claude-haiku,normalize_listings.py,canonical_extract,4815,517,0,5332,0.007400,5493,t,""
2026-04-21 02:20:25.333671+00,claude-haiku,normalize_listings.py,canonical_extract,3942,307,0,4249,0.005477,4196,t,""
2026-04-21 02:20:32.158819+00,claude-haiku,normalize_listings.py,canonical_extract,4798,507,0,5305,0.007333,5745,t,""
2026-04-21 02:20:39.249435+00,claude-haiku,normalize_listings.py,canonical_extract,4624,515,0,5139,0.007199,5999,t,""
2026-04-21 02:20:46.030688+00,claude-haiku,normalize_listings.py,canonical_extract,4667,512,0,5179,0.007227,5695,t,""
2026-04-21 02:20:52.959533+00,claude-haiku,normalize_listings.py,canonical_extract,4844,529,0,5373,0.007489,5849,t,""
2026-04-21 02:20:59.642301+00,claude-haiku,normalize_listings.py,canonical_extract,4729,506,0,5235,0.007259,5599,t,""
2026-04-21 02:21:06.425028+00,claude-haiku,normalize_listings.py,canonical_extract,4818,515,0,5333,0.007393,5696,t,""
2026-04-21 02:21:13.208684+00,claude-haiku,normalize_listings.py,canonical_extract,4763,519,0,5282,0.007358,5696,t,""
2026-04-21 02:21:19.975071+00,claude-haiku,normalize_listings.py,canonical_extract,4719,514,0,5233,0.007289,5679,t,""
2026-04-21 02:21:26.698188+00,claude-haiku,normalize_listings.py,canonical_extract,4801,515,0,5316,0.007376,5632,t,""
2026-04-21 02:21:33.907927+00,claude-haiku,normalize_listings.py,canonical_extract,4818,525,0,5343,0.007443,6126,t,""
2026-04-21 02:21:41.055702+00,claude-haiku,normalize_listings.py,canonical_extract,4734,515,0,5249,0.007309,6056,t,""
2026-04-21 02:21:47.238474+00,claude-haiku,normalize_listings.py,canonical_extract,4566,460,0,5026,0.006866,5079,t,""
2026-04-21 02:21:53.729021+00,claude-haiku,normalize_listings.py,canonical_extract,4797,509,0,5306,0.007342,5382,t,""
2026-04-21 02:21:59.818129+00,claude-haiku,normalize_listings.py,canonical_extract,4669,519,0,5188,0.007264,5006,t,""
2026-04-21 02:22:06.307536+00,claude-haiku,normalize_listings.py,canonical_extract,4867,513,0,5380,0.007432,5400,t,""
2026-04-21 02:22:12.533772+00,claude-haiku,normalize_listings.py,canonical_extract,4652,512,0,5164,0.007212,5138,t,""
2026-04-21 02:22:19.411837+00,claude-haiku,normalize_listings.py,canonical_extract,4690,516,0,5206,0.007270,5781,t,""
2026-04-21 02:22:26.318678+00,claude-haiku,normalize_listings.py,canonical_extract,4777,525,0,5302,0.007402,5814,t,""
2026-04-21 02:22:33.189403+00,claude-haiku,normalize_listings.py,canonical_extract,3874,516,0,4390,0.006454,5774,t,""
2026-04-21 02:22:39.411125+00,claude-haiku,normalize_listings.py,canonical_extract,4592,518,0,5110,0.007182,5128,t,""
2026-04-21 02:22:47.051635+00,claude-haiku,normalize_listings.py,canonical_extract,4954,621,0,5575,0.008059,6556,t,""
2026-04-21 02:22:53.851342+00,claude-haiku,normalize_listings.py,canonical_extract,4733,523,0,5256,0.007348,5709,t,""
2026-04-21 02:22:59.425826+00,claude-haiku,normalize_listings.py,canonical_extract,4557,396,0,4953,0.006537,4468,t,""
2026-04-21 02:23:06.239423+00,claude-haiku,normalize_listings.py,canonical_extract,4888,526,0,5414,0.007518,5732,t,""
2026-04-21 02:23:13.413591+00,claude-haiku,normalize_listings.py,canonical_extract,4912,521,0,5433,0.007517,6091,t,""
2026-04-21 02:23:20.266686+00,claude-haiku,normalize_listings.py,canonical_extract,4956,526,0,5482,0.007586,5765,t,""
2026-04-21 02:23:27.339201+00,claude-haiku,normalize_listings.py,canonical_extract,4978,541,0,5519,0.007683,5987,t,""
2026-04-21 02:23:37.228683+00,claude-haiku,normalize_listings.py,canonical_extract,4615,414,0,5029,0.006685,8794,t,""
2026-04-21 02:23:44.021234+00,claude-haiku,normalize_listings.py,canonical_extract,4685,515,0,5200,0.007260,5706,t,""
2026-04-21 02:23:49.928778+00,claude-haiku,normalize_listings.py,canonical_extract,4864,501,0,5365,0.007369,4815,t,""
2026-04-21 02:23:56.633367+00,claude-haiku,normalize_listings.py,canonical_extract,4972,519,0,5491,0.007567,5608,t,""
2026-04-21 02:24:02.863121+00,claude-haiku,normalize_listings.py,canonical_extract,4822,520,0,5342,0.007422,5143,t,""
2026-04-21 02:24:09.933874+00,claude-haiku,normalize_listings.py,canonical_extract,4706,533,0,5239,0.007371,5990,t,""
2026-04-21 02:24:17.08549+00,claude-haiku,normalize_listings.py,canonical_extract,4991,527,0,5518,0.007626,6057,t,""
2026-04-21 02:24:23.587199+00,claude-haiku,normalize_listings.py,canonical_extract,4742,516,0,5258,0.007322,5405,t,""
2026-04-21 02:24:30.364418+00,claude-haiku,normalize_listings.py,canonical_extract,4673,513,0,5186,0.007238,5674,t,""
2026-04-21 02:24:37.156487+00,claude-haiku,normalize_listings.py,canonical_extract,4833,500,0,5333,0.007333,5697,t,""
2026-04-21 02:24:44.086546+00,claude-haiku,normalize_listings.py,canonical_extract,4941,514,0,5455,0.007511,5849,t,""
2026-04-21 02:24:50.699591+00,claude-haiku,normalize_listings.py,canonical_extract,4757,521,0,5278,0.007362,5525,t,""
2026-04-21 02:24:56.148758+00,claude-haiku,normalize_listings.py,canonical_extract,4709,405,0,5114,0.006734,4354,t,""
2026-04-21 02:25:03.123333+00,claude-haiku,normalize_listings.py,canonical_extract,4713,515,0,5228,0.007288,5886,t,""
2026-04-21 02:25:09.858585+00,claude-haiku,normalize_listings.py,canonical_extract,4938,523,0,5461,0.007553,5627,t,""
2026-04-21 02:25:17.054583+00,claude-haiku,normalize_listings.py,canonical_extract,4890,524,0,5414,0.007510,6110,t,""
2026-04-21 02:25:24.012004+00,claude-haiku,normalize_listings.py,canonical_extract,4692,523,0,5215,0.007307,5874,t,""
2026-04-21 02:25:31.273186+00,claude-haiku,normalize_listings.py,canonical_extract,4682,545,0,5227,0.007407,6174,t,""
2026-04-21 02:25:37.897617+00,claude-haiku,normalize_listings.py,canonical_extract,4800,518,0,5318,0.007390,5539,t,""
2026-04-21 02:25:44.889607+00,claude-haiku,normalize_listings.py,canonical_extract,4708,529,0,5237,0.007353,5912,t,""
2026-04-21 02:25:51.596515+00,claude-haiku,normalize_listings.py,canonical_extract,4758,517,0,5275,0.007343,5616,t,""
2026-04-21 02:25:58.40953+00,claude-haiku,normalize_listings.py,canonical_extract,4706,531,0,5237,0.007361,5700,t,""
2026-04-21 02:26:05.790833+00,claude-haiku,normalize_listings.py,canonical_extract,4967,623,0,5590,0.008082,6298,t,""
2026-04-21 02:26:11.896239+00,claude-haiku,normalize_listings.py,canonical_extract,4976,516,0,5492,0.007556,5020,t,""
2026-04-21 02:26:17.156914+00,claude-haiku,normalize_listings.py,canonical_extract,4679,358,0,5037,0.006469,4170,t,""
2026-04-21 02:26:24.18494+00,claude-haiku,normalize_listings.py,canonical_extract,4797,513,0,5310,0.007362,5945,t,""
2026-04-21 02:26:30.553258+00,claude-haiku,normalize_listings.py,canonical_extract,4760,505,0,5265,0.007285,5281,t,""
2026-04-21 02:26:37.250944+00,claude-haiku,normalize_listings.py,canonical_extract,4687,513,0,5200,0.007252,5563,t,""
2026-04-21 02:26:46.457169+00,claude-haiku,normalize_listings.py,canonical_extract,4790,512,0,5302,0.007350,8125,t,""
2026-04-21 02:26:53.236657+00,claude-haiku,normalize_listings.py,canonical_extract,4677,512,0,5189,0.007237,5682,t,""
2026-04-21 02:26:59.667382+00,claude-haiku,normalize_listings.py,canonical_extract,4801,504,0,5305,0.007321,5346,t,""
2026-04-21 02:27:06.401549+00,claude-haiku,normalize_listings.py,canonical_extract,4720,508,0,5228,0.007260,5649,t,""
2026-04-21 02:27:13.744916+00,claude-haiku,normalize_listings.py,canonical_extract,4832,536,0,5368,0.007512,6259,t,""
2026-04-21 02:27:20.092204+00,claude-haiku,normalize_listings.py,canonical_extract,4803,512,0,5315,0.007363,5263,t,""
2026-04-21 02:27:26.403203+00,claude-haiku,normalize_listings.py,canonical_extract,4683,506,0,5189,0.007213,5220,t,""
2026-04-21 02:27:32.501379+00,claude-haiku,normalize_listings.py,canonical_extract,4768,500,0,5268,0.007268,5007,t,""
2026-04-21 02:27:39.435558+00,claude-haiku,normalize_listings.py,canonical_extract,4774,523,0,5297,0.007389,5808,t,""
2026-04-21 02:27:46.249313+00,claude-haiku,normalize_listings.py,canonical_extract,4726,517,0,5243,0.007311,5723,t,""
2026-04-21 02:27:52.872267+00,claude-haiku,normalize_listings.py,canonical_extract,4796,521,0,5317,0.007401,5535,t,""
2026-04-21 02:27:59.521268+00,claude-haiku,normalize_listings.py,canonical_extract,4772,512,0,5284,0.007332,5561,t,""
2026-04-21 02:28:05.72834+00,claude-haiku,normalize_listings.py,canonical_extract,4670,507,0,5177,0.007205,5118,t,""
2026-04-21 02:28:13.970434+00,claude-haiku,normalize_listings.py,canonical_extract,4720,518,0,5238,0.007310,7146,t,""
2026-04-21 02:28:20.642912+00,claude-haiku,normalize_listings.py,canonical_extract,4835,525,0,5360,0.007460,5571,t,""
2026-04-21 02:28:27.938677+00,claude-haiku,normalize_listings.py,canonical_extract,4797,522,0,5319,0.007407,6204,t,""
2026-04-21 02:28:35.670834+00,claude-haiku,normalize_listings.py,canonical_extract,4752,516,0,5268,0.007332,6620,t,""
2026-04-21 02:28:42.266167+00,claude-haiku,normalize_listings.py,canonical_extract,4729,516,0,5245,0.007309,5514,t,""
2026-04-21 02:28:48.561991+00,claude-haiku,normalize_listings.py,canonical_extract,4151,497,0,4648,0.006636,5221,t,""
2026-04-21 02:28:55.343301+00,claude-haiku,normalize_listings.py,canonical_extract,4890,532,0,5422,0.007550,5692,t,""
2026-04-21 02:29:01.87791+00,claude-haiku,normalize_listings.py,canonical_extract,4795,525,0,5320,0.007420,5447,t,""
2026-04-21 02:29:08.864908+00,claude-haiku,normalize_listings.py,canonical_extract,4723,521,0,5244,0.007328,5911,t,""
2026-04-21 02:29:15.624307+00,claude-haiku,normalize_listings.py,canonical_extract,4791,518,0,5309,0.007381,5662,t,""
2026-04-21 02:29:21.842437+00,claude-haiku,normalize_listings.py,canonical_extract,4778,512,0,5290,0.007338,5128,t,""
2026-04-21 02:29:28.569155+00,claude-haiku,normalize_listings.py,canonical_extract,4649,516,0,5165,0.007229,5642,t,""
2026-04-21 02:29:35.273252+00,claude-haiku,normalize_listings.py,canonical_extract,4716,507,0,5223,0.007251,5607,t,""
2026-04-21 02:29:41.253497+00,claude-haiku,normalize_listings.py,canonical_extract,4887,506,0,5393,0.007417,4904,t,""
2026-04-21 02:29:47.963229+00,claude-haiku,normalize_listings.py,canonical_extract,4709,517,0,5226,0.007294,5627,t,""
2026-04-21 02:29:54.918611+00,claude-haiku,normalize_listings.py,canonical_extract,4653,513,0,5166,0.007218,5869,t,""
2026-04-21 02:30:00.330544+00,claude-haiku,normalize_listings.py,canonical_extract,4578,366,0,4944,0.006408,4326,t,""
2026-04-21 02:30:07.554268+00,claude-haiku,normalize_listings.py,canonical_extract,4664,523,0,5187,0.007279,6129,t,""
2026-04-21 02:30:14.873292+00,claude-haiku,normalize_listings.py,canonical_extract,4857,604,0,5461,0.007877,6236,t,""
2026-04-21 02:30:21.968327+00,claude-haiku,normalize_listings.py,canonical_extract,4778,521,0,5299,0.007383,6008,t,""
2026-04-21 02:30:28.211536+00,claude-haiku,normalize_listings.py,canonical_extract,4789,500,0,5289,0.007289,5151,t,""
2026-04-21 02:30:34.988596+00,claude-haiku,normalize_listings.py,canonical_extract,4763,518,0,5281,0.007353,5693,t,""
2026-04-21 02:30:41.769328+00,claude-haiku,normalize_listings.py,canonical_extract,4647,511,0,5158,0.007202,5697,t,""
2026-04-21 02:30:48.729719+00,claude-haiku,normalize_listings.py,canonical_extract,4616,525,0,5141,0.007241,5870,t,""
2026-04-21 02:30:55.482092+00,claude-haiku,normalize_listings.py,canonical_extract,4671,506,0,5177,0.007201,5668,t,""
2026-04-21 02:31:02.085103+00,claude-haiku,normalize_listings.py,canonical_extract,4652,508,0,5160,0.007192,5523,t,""
2026-04-21 02:31:08.723589+00,claude-haiku,normalize_listings.py,canonical_extract,4620,497,0,5117,0.007105,5550,t,""
2026-04-21 02:31:14.452357+00,claude-haiku,normalize_listings.py,canonical_extract,4853,511,0,5364,0.007408,4636,t,""
2026-04-21 02:31:21.199126+00,claude-haiku,normalize_listings.py,canonical_extract,4297,518,0,4815,0.006887,5651,t,""
2026-04-21 02:31:27.364554+00,claude-haiku,normalize_listings.py,canonical_extract,4691,500,0,5191,0.007191,5077,t,""
2026-04-21 02:31:33.993285+00,claude-haiku,normalize_listings.py,canonical_extract,4715,514,0,5229,0.007285,5534,t,""
2026-04-21 02:31:40.59792+00,claude-haiku,normalize_listings.py,canonical_extract,4671,518,0,5189,0.007261,5515,t,""
2026-04-21 02:31:48.108589+00,claude-haiku,normalize_listings.py,canonical_extract,4847,511,0,5358,0.007402,6418,t,""
2026-04-21 02:31:54.85969+00,claude-haiku,normalize_listings.py,canonical_extract,4790,520,0,5310,0.007390,5667,t,""
2026-04-21 02:32:02.27006+00,claude-haiku,normalize_listings.py,canonical_extract,4765,609,0,5374,0.007810,6327,t,""
2026-04-21 02:32:08.781936+00,claude-haiku,normalize_listings.py,canonical_extract,4746,514,0,5260,0.007316,5416,t,""
2026-04-21 02:32:15.411749+00,claude-haiku,normalize_listings.py,canonical_extract,4876,511,0,5387,0.007431,5543,t,""
2026-04-21 02:32:23.339249+00,claude-haiku,normalize_listings.py,canonical_extract,4841,503,0,5344,0.007356,6835,t,""
2026-04-21 02:32:29.692913+00,claude-haiku,normalize_listings.py,canonical_extract,4654,453,0,5107,0.006919,5268,t,""
2026-04-21 02:32:36.547008+00,claude-haiku,normalize_listings.py,canonical_extract,4781,509,0,5290,0.007326,5754,t,""
2026-04-21 02:32:43.616217+00,claude-haiku,normalize_listings.py,canonical_extract,4654,518,0,5172,0.007244,5980,t,""
2026-04-21 02:32:50.760208+00,claude-haiku,normalize_listings.py,canonical_extract,4899,510,0,5409,0.007449,6063,t,""
2026-04-21 02:32:57.847238+00,claude-haiku,normalize_listings.py,canonical_extract,4661,523,0,5184,0.007276,6005,t,""
2026-04-21 02:33:05.063713+00,claude-haiku,normalize_listings.py,canonical_extract,4813,531,0,5344,0.007468,6134,t,""
2026-04-21 02:33:12.06163+00,claude-haiku,normalize_listings.py,canonical_extract,4834,508,0,5342,0.007374,5908,t,""
2026-04-21 02:33:18.689594+00,claude-haiku,normalize_listings.py,canonical_extract,4658,523,0,5181,0.007273,5530,t,""
2026-04-21 02:33:25.504344+00,claude-haiku,normalize_listings.py,canonical_extract,4741,507,0,5248,0.007276,5717,t,""
2026-04-21 02:33:32.288097+00,claude-haiku,normalize_listings.py,canonical_extract,4742,529,0,5271,0.007387,5684,t,""
2026-04-21 02:33:38.776399+00,claude-haiku,normalize_listings.py,canonical_extract,4107,503,0,4610,0.006622,5393,t,""
2026-04-21 02:33:45.525626+00,claude-haiku,normalize_listings.py,canonical_extract,4744,512,0,5256,0.007304,5677,t,""
2026-04-21 02:33:52.399647+00,claude-haiku,normalize_listings.py,canonical_extract,4729,510,0,5239,0.007279,5785,t,""
2026-04-21 02:33:58.897614+00,claude-haiku,normalize_listings.py,canonical_extract,4768,515,0,5283,0.007343,5393,t,""
2026-04-21 02:34:05.868382+00,claude-haiku,normalize_listings.py,canonical_extract,4685,500,0,5185,0.007185,5879,t,""
2026-04-21 02:34:12.918277+00,claude-haiku,normalize_listings.py,canonical_extract,4608,504,0,5112,0.007128,5962,t,""
2026-04-21 02:34:19.475398+00,claude-haiku,normalize_listings.py,canonical_extract,4783,509,0,5292,0.007328,5461,t,""
2026-04-21 02:34:25.795125+00,claude-haiku,normalize_listings.py,canonical_extract,4763,463,0,5226,0.007078,5209,t,""
2026-04-21 02:34:32.348623+00,claude-haiku,normalize_listings.py,canonical_extract,4827,516,0,5343,0.007407,5473,t,""
2026-04-21 02:34:39.293057+00,claude-haiku,normalize_listings.py,canonical_extract,4796,531,0,5327,0.007451,5842,t,""
2026-04-21 02:34:46.769929+00,claude-haiku,normalize_listings.py,canonical_extract,4733,524,0,5257,0.007353,6372,t,""
2026-04-21 02:34:53.513345+00,claude-haiku,normalize_listings.py,canonical_extract,4703,531,0,5234,0.007358,5647,t,""
2026-04-21 02:35:00.872904+00,claude-haiku,normalize_listings.py,canonical_extract,4900,606,0,5506,0.007930,6254,t,""
2026-04-21 02:35:07.57848+00,claude-haiku,normalize_listings.py,canonical_extract,4860,525,0,5385,0.007485,5598,t,""
2026-04-21 02:35:14.225836+00,claude-haiku,normalize_listings.py,canonical_extract,4747,510,0,5257,0.007297,5549,t,""
2026-04-21 02:35:20.71722+00,claude-haiku,normalize_listings.py,canonical_extract,5003,558,0,5561,0.007793,5412,t,""
2026-04-21 02:35:28.362891+00,claude-haiku,normalize_listings.py,canonical_extract,4732,540,0,5272,0.007432,6558,t,""
2026-04-21 02:35:32.972276+00,claude-haiku,normalize_listings.py,canonical_extract,4592,336,0,4928,0.006272,3517,t,""
2026-04-21 02:35:39.727548+00,claude-haiku,normalize_listings.py,canonical_extract,4829,523,0,5352,0.007444,5651,t,""
2026-04-21 02:35:46.590368+00,claude-haiku,normalize_listings.py,canonical_extract,4759,519,0,5278,0.007354,5778,t,""
2026-04-21 02:35:53.886229+00,claude-haiku,normalize_listings.py,canonical_extract,4786,606,0,5392,0.007816,6212,t,""
2026-04-21 02:35:59.991011+00,claude-haiku,normalize_listings.py,canonical_extract,4783,463,0,5246,0.007098,5019,t,""
2026-04-21 02:36:07.362596+00,claude-haiku,normalize_listings.py,canonical_extract,4525,525,0,5050,0.007150,6295,t,""
2026-04-21 02:36:13.60515+00,claude-haiku,normalize_listings.py,canonical_extract,3715,505,0,4220,0.006240,5156,t,""
2026-04-21 02:36:20.291819+00,claude-haiku,normalize_listings.py,canonical_extract,4181,498,0,4679,0.006671,5602,t,""
2026-04-21 02:36:26.875111+00,claude-haiku,normalize_listings.py,canonical_extract,4759,515,0,5274,0.007334,5501,t,""
2026-04-21 02:36:33.92677+00,claude-haiku,normalize_listings.py,canonical_extract,4819,541,0,5360,0.007524,5965,t,""
2026-04-21 02:36:40.536127+00,claude-haiku,normalize_listings.py,canonical_extract,4610,527,0,5137,0.007245,5530,t,""
2026-04-21 02:36:46.821163+00,claude-haiku,normalize_listings.py,canonical_extract,4543,406,0,4949,0.006573,5187,t,""
2026-04-21 02:36:53.413736+00,claude-haiku,normalize_listings.py,canonical_extract,4730,517,0,5247,0.007315,5501,t,""
2026-04-21 02:37:00.214949+00,claude-haiku,normalize_listings.py,canonical_extract,4741,516,0,5257,0.007321,5713,t,""
2026-04-21 02:37:05.736713+00,claude-haiku,normalize_listings.py,canonical_extract,4772,415,0,5187,0.006847,4433,t,""
2026-04-21 02:37:12.639786+00,claude-haiku,normalize_listings.py,canonical_extract,4836,518,0,5354,0.007426,5823,t,""
2026-04-21 02:37:19.554236+00,claude-haiku,normalize_listings.py,canonical_extract,4593,518,0,5111,0.007183,5827,t,""
2026-04-21 02:37:24.548984+00,claude-haiku,normalize_listings.py,canonical_extract,4350,380,0,4730,0.006250,3907,t,""
2026-04-21 02:37:31.253245+00,claude-haiku,normalize_listings.py,canonical_extract,4725,532,0,5257,0.007385,5613,t,""
2026-04-21 02:37:38.309959+00,claude-haiku,normalize_listings.py,canonical_extract,4680,517,0,5197,0.007265,5978,t,""
2026-04-21 02:37:45.095244+00,claude-haiku,normalize_listings.py,canonical_extract,4962,521,0,5483,0.007567,5701,t,""
2026-04-21 02:37:52.002319+00,claude-haiku,normalize_listings.py,canonical_extract,4715,535,0,5250,0.007390,5826,t,""
2026-04-21 02:37:58.94311+00,claude-haiku,normalize_listings.py,canonical_extract,4610,523,0,5133,0.007225,5856,t,""
2026-04-21 02:38:05.220961+00,claude-haiku,normalize_listings.py,canonical_extract,4848,494,0,5342,0.007318,5188,t,""
2026-04-21 02:38:11.886228+00,claude-haiku,normalize_listings.py,canonical_extract,4762,523,0,5285,0.007377,5581,t,""
2026-04-21 02:38:16.887062+00,claude-haiku,normalize_listings.py,canonical_extract,4573,361,0,4934,0.006378,3924,t,""
2026-04-21 02:38:23.449603+00,claude-haiku,normalize_listings.py,canonical_extract,4865,528,0,5393,0.007505,5460,t,""
2026-04-21 02:38:29.932855+00,claude-haiku,normalize_listings.py,canonical_extract,4710,517,0,5227,0.007295,5402,t,""
2026-04-21 02:38:37.007922+00,claude-haiku,normalize_listings.py,canonical_extract,4241,528,0,4769,0.006881,5995,t,""
2026-04-21 02:38:43.802584+00,claude-haiku,normalize_listings.py,canonical_extract,4237,522,0,4759,0.006847,5704,t,""
2026-04-21 02:38:51.024455+00,claude-haiku,normalize_listings.py,canonical_extract,4974,529,0,5503,0.007619,6129,t,""
2026-04-21 02:38:57.58162+00,claude-haiku,normalize_listings.py,canonical_extract,4701,523,0,5224,0.007316,5463,t,""
2026-04-21 02:39:04.463644+00,claude-haiku,normalize_listings.py,canonical_extract,4733,508,0,5241,0.007273,5798,t,""
2026-04-21 02:39:10.022117+00,claude-haiku,normalize_listings.py,canonical_extract,4336,505,0,4841,0.006861,4458,t,""
2026-04-21 02:39:16.58094+00,claude-haiku,normalize_listings.py,canonical_extract,4708,510,0,5218,0.007258,5453,t,""
2026-04-21 02:39:23.352256+00,claude-haiku,normalize_listings.py,canonical_extract,4769,520,0,5289,0.007369,5689,t,""
2026-04-21 02:39:29.663471+00,claude-haiku,normalize_listings.py,canonical_extract,4699,469,0,5168,0.007044,5232,t,""
2026-04-21 02:39:36.202598+00,claude-haiku,normalize_listings.py,canonical_extract,4666,515,0,5181,0.007241,5448,t,""
2026-04-21 02:39:42.983751+00,claude-haiku,normalize_listings.py,canonical_extract,4769,523,0,5292,0.007384,5701,t,""
2026-04-21 02:39:50.341348+00,claude-haiku,normalize_listings.py,canonical_extract,4883,612,0,5495,0.007943,6259,t,""
2026-04-21 02:39:57.161203+00,claude-haiku,normalize_listings.py,canonical_extract,4778,521,0,5299,0.007383,5733,t,""
2026-04-21 02:40:03.931156+00,claude-haiku,normalize_listings.py,canonical_extract,4663,510,0,5173,0.007213,5656,t,""
2026-04-21 02:40:10.633074+00,claude-haiku,normalize_listings.py,canonical_extract,4763,516,0,5279,0.007343,5604,t,""
2026-04-21 02:40:17.150974+00,claude-haiku,normalize_listings.py,canonical_extract,4613,469,0,5082,0.006958,5423,t,""
2026-04-21 02:40:23.833687+00,claude-haiku,normalize_listings.py,canonical_extract,4618,525,0,5143,0.007243,5593,t,""
2026-04-21 02:40:30.610639+00,claude-haiku,normalize_listings.py,canonical_extract,4818,508,0,5326,0.007358,5692,t,""
2026-04-21 02:40:37.356713+00,claude-haiku,normalize_listings.py,canonical_extract,4749,518,0,5267,0.007339,5662,t,""
2026-04-21 02:40:44.268821+00,claude-haiku,normalize_listings.py,canonical_extract,4780,529,0,5309,0.007425,5823,t,""
2026-04-21 02:40:51.083455+00,claude-haiku,normalize_listings.py,canonical_extract,4792,524,0,5316,0.007412,5720,t,""
2026-04-21 10:15:58.389803+00,claude-haiku,normalize_listings.py,canonical_extract,4845,515,0,5360,0.007420,5111,t,""
2026-04-21 10:16:04.490093+00,claude-haiku,normalize_listings.py,canonical_extract,4845,515,0,5360,0.007420,5253,t,""
